run,A_RAW,B_RAW,chi_AB,chi_AC,chi_BC,N_A,N_B,N_C,convtsne_manualcluster,convtsne_affprop,direct_manualcluster,labels
2,0.1,0.1,0.006,0.006,0.0045,1000,1000,1000,0,0,1,image_0002
14,0.15,0.1,0.0045,0.0045,0.003,1000,1000,1000,0,0,0,image_0014
15,0.15,0.1,0.0045,0.0045,0.0045,1000,1000,1000,0,0,1,image_0015
17,0.15,0.1,0.006,0.0045,0.003,1000,1000,1000,0,0,0,image_0017
19,0.15,0.1,0.006,0.0045,0.003,1000,1000,1000,0,0,0,image_0019
21,0.15,0.1,0.006,0.006,0.0045,1000,1000,1000,0,0,1,image_0021
27,0.15,0.1,0.009,0.0045,0.003,1000,1000,1000,0,0,0,image_0027
39,0.15,0.15,0.0045,0.003,0.0045,1000,1000,1000,0,0,0,image_0039
40,0.15,0.15,0.0045,0.0045,0.003,1000,1000,1000,0,0,0,image_0040
41,0.15,0.15,0.0045,0.0045,0.0045,1000,1000,1000,0,0,11,image_0041
42,0.15,0.15,0.0045,0.0045,0.003,1000,1000,1000,0,0,0,image_0042
48,0.15,0.15,0.006,0.006,0.0045,1000,1000,1000,0,0,1,image_0048
71,0.2,0.1,0.0045,0.0045,0.003,1000,1000,1000,0,0,0,image_0071
72,0.2,0.1,0.006,0.0045,0.003,1000,1000,1000,0,0,0,image_0072
79,0.2,0.1,0.009,0.003,0.0045,1000,1000,1000,0,0,2,image_0079
82,0.2,0.1,0.009,0.0045,0.003,1000,1000,1000,0,0,0,image_0082
85,0.2,0.1,0.009,0.0045,0.009,1000,1000,1000,0,0,0,image_0085
96,0.2,0.15,0.0045,0.003,0.0045,1000,1000,1000,0,0,0,image_0096
103,0.2,0.15,0.006,0.0045,0.003,1000,1000,1000,0,0,0,image_0103
105,0.2,0.15,0.006,0.0045,0.003,1000,1000,1000,0,0,0,image_0105
107,0.2,0.15,0.006,0.006,0.0045,1000,1000,1000,0,0,1,image_0107
109,0.2,0.15,0.009,0.003,0.003,1000,1000,1000,0,0,2,image_0109
113,0.2,0.15,0.009,0.0045,0.003,1000,1000,1000,0,0,2,image_0113
114,0.2,0.15,0.009,0.0045,0.0045,1000,1000,1000,0,0,2,image_0114
115,0.2,0.15,0.009,0.0045,0.003,1000,1000,1000,0,0,2,image_0115
120,0.2,0.15,0.009,0.006,0.009,1000,1000,1000,0,0,10,image_0120
127,0.2,0.2,0.0045,0.003,0.0045,1000,1000,1000,0,0,1,image_0127
128,0.2,0.2,0.0045,0.0045,0.003,1000,1000,1000,0,0,1,image_0128
129,0.2,0.2,0.0045,0.0045,0.0045,1000,1000,1000,0,0,3,image_0129
130,0.2,0.2,0.0045,0.0045,0.003,1000,1000,1000,0,0,1,image_0130
131,0.2,0.2,0.006,0.003,0.003,1000,1000,1000,0,0,2,image_0131
132,0.2,0.2,0.006,0.003,0.0045,1000,1000,1000,0,0,7,image_0132
133,0.2,0.2,0.006,0.003,0.003,1000,1000,1000,0,0,2,image_0133
134,0.2,0.2,0.006,0.0045,0.003,1000,1000,1000,0,0,7,image_0134
135,0.2,0.2,0.006,0.0045,0.0045,1000,1000,1000,1,0,3,image_0135
136,0.2,0.2,0.006,0.0045,0.003,1000,1000,1000,1,0,7,image_0136
137,0.2,0.2,0.006,0.006,0.003,1000,1000,1000,1,0,5,image_0137
138,0.2,0.2,0.006,0.006,0.0045,1000,1000,1000,1,1,3,image_0138
140,0.2,0.2,0.009,0.003,0.003,1000,1000,1000,1,1,2,image_0140
141,0.2,0.2,0.009,0.003,0.0045,1000,1000,1000,1,1,2,image_0141
142,0.2,0.2,0.009,0.003,0.003,1000,1000,1000,1,1,2,image_0142
144,0.2,0.2,0.009,0.0045,0.003,1000,1000,1000,1,1,2,image_0144
145,0.2,0.2,0.009,0.0045,0.0045,1000,1000,1000,1,1,2,image_0145
146,0.2,0.2,0.009,0.0045,0.003,1000,1000,1000,1,1,2,image_0146
161,0.25,0.1,0.0045,0.0045,0.003,1000,1000,1000,1,1,0,image_0161
163,0.25,0.1,0.0045,0.0045,0.003,1000,1000,1000,1,1,0,image_0163
164,0.25,0.1,0.006,0.003,0.003,1000,1000,1000,1,1,0,image_0164
167,0.25,0.1,0.006,0.0045,0.003,1000,1000,1000,1,1,0,image_0167
168,0.25,0.1,0.006,0.0045,0.0045,1000,1000,1000,1,1,1,image_0168
169,0.25,0.1,0.006,0.0045,0.003,1000,1000,1000,1,1,0,image_0169
170,0.25,0.1,0.006,0.006,0.003,1000,1000,1000,1,1,0,image_0170
171,0.25,0.1,0.006,0.006,0.0045,1000,1000,1000,1,1,1,image_0171
172,0.25,0.1,0.006,0.006,0.003,1000,1000,1000,1,1,5,image_0172
192,0.25,0.15,0.0045,0.003,0.0045,1000,1000,1000,1,1,3,image_0192
195,0.25,0.15,0.0045,0.0045,0.0045,1000,1000,1000,1,1,3,image_0195
199,0.25,0.15,0.006,0.003,0.003,1000,1000,1000,1,1,2,image_0199
204,0.25,0.15,0.006,0.006,0.0045,1000,1000,1000,1,1,3,image_0204
205,0.25,0.15,0.006,0.006,0.003,1000,1000,1000,1,1,5,image_0205
206,0.25,0.15,0.009,0.003,0.003,1000,1000,1000,1,1,2,image_0206
207,0.25,0.15,0.009,0.003,0.0045,1000,1000,1000,1,1,2,image_0207
208,0.25,0.15,0.009,0.003,0.003,1000,1000,1000,1,1,2,image_0208
210,0.25,0.15,0.009,0.0045,0.003,1000,1000,1000,1,1,2,image_0210
211,0.25,0.15,0.009,0.0045,0.0045,1000,1000,1000,1,1,2,image_0211
212,0.25,0.15,0.009,0.0045,0.003,1000,1000,1000,1,1,2,image_0212
217,0.25,0.15,0.009,0.006,0.009,1000,1000,1000,1,1,3,image_0217
221,0.25,0.15,0.009,0.009,0.009,1000,1000,1000,1,1,5,image_0221
225,0.25,0.2,0.0045,0.003,0.0045,1000,1000,1000,1,1,1,image_0225
227,0.25,0.2,0.0045,0.0045,0.003,1000,1000,1000,1,1,3,image_0227
228,0.25,0.2,0.0045,0.0045,0.0045,1000,1000,1000,1,1,3,image_0228
229,0.25,0.2,0.0045,0.0045,0.003,1000,1000,1000,1,2,3,image_0229
230,0.25,0.2,0.006,0.003,0.003,1000,1000,1000,1,2,2,image_0230
232,0.25,0.2,0.006,0.003,0.003,1000,1000,1000,1,2,2,image_0232
233,0.25,0.2,0.006,0.0045,0.003,1000,1000,1000,1,2,2,image_0233
234,0.25,0.2,0.006,0.0045,0.0045,1000,1000,1000,1,2,3,image_0234
235,0.25,0.2,0.006,0.0045,0.003,1000,1000,1000,1,2,2,image_0235
236,0.25,0.2,0.006,0.006,0.003,1000,1000,1000,1,2,5,image_0236
237,0.25,0.2,0.006,0.006,0.0045,1000,1000,1000,1,2,3,image_0237
238,0.25,0.2,0.006,0.006,0.003,1000,1000,1000,1,2,5,image_0238
239,0.25,0.2,0.009,0.003,0.003,1000,1000,1000,1,2,4,image_0239
240,0.25,0.2,0.009,0.003,0.0045,1000,1000,1000,1,2,4,image_0240
241,0.25,0.2,0.009,0.003,0.003,1000,1000,1000,1,2,4,image_0241
243,0.25,0.2,0.009,0.0045,0.003,1000,1000,1000,1,2,4,image_0243
244,0.25,0.2,0.009,0.0045,0.0045,1000,1000,1000,1,2,4,image_0244
245,0.25,0.2,0.009,0.0045,0.003,1000,1000,1000,1,2,4,image_0245
258,0.25,0.25,0.0045,0.003,0.0045,1000,1000,1000,1,2,3,image_0258
260,0.25,0.25,0.0045,0.0045,0.003,1000,1000,1000,1,2,3,image_0260
261,0.25,0.25,0.0045,0.0045,0.0045,1000,1000,1000,1,2,3,image_0261
262,0.25,0.25,0.0045,0.0045,0.003,1000,1000,1000,1,2,3,image_0262
263,0.25,0.25,0.006,0.003,0.003,1000,1000,1000,1,2,4,image_0263
264,0.25,0.25,0.006,0.003,0.0045,1000,1000,1000,1,2,2,image_0264
265,0.25,0.25,0.006,0.003,0.003,1000,1000,1000,1,2,3,image_0265
266,0.25,0.25,0.006,0.0045,0.003,1000,1000,1000,1,2,2,image_0266
267,0.25,0.25,0.006,0.0045,0.0045,1000,1000,1000,1,2,3,image_0267
268,0.25,0.25,0.006,0.0045,0.003,1000,1000,1000,1,2,2,image_0268
270,0.25,0.25,0.006,0.006,0.0045,1000,1000,1000,1,2,3,image_0270
271,0.25,0.25,0.006,0.006,0.003,1000,1000,1000,1,2,7,image_0271
272,0.25,0.25,0.009,0.003,0.003,1000,1000,1000,1,2,4,image_0272
273,0.25,0.25,0.009,0.003,0.0045,1000,1000,1000,1,2,4,image_0273
274,0.25,0.25,0.009,0.003,0.003,1000,1000,1000,1,2,4,image_0274
276,0.25,0.25,0.009,0.0045,0.003,1000,1000,1000,1,2,4,image_0276
277,0.25,0.25,0.009,0.0045,0.0045,1000,1000,1000,1,2,4,image_0277
278,0.25,0.25,0.009,0.0045,0.003,1000,1000,1000,1,2,4,image_0278
287,0.25,0.25,0.009,0.009,0.009,1000,1000,1000,2,3,12,image_0287
288,0.3,0.1,0.003,0.003,0.003,1000,1000,1000,2,3,0,image_0288
289,0.3,0.1,0.003,0.003,0.003,1000,1000,1000,2,3,0,image_0289
290,0.3,0.1,0.0045,0.003,0.003,1000,1000,1000,2,3,0,image_0290
291,0.3,0.1,0.0045,0.003,0.0045,1000,1000,1000,2,3,0,image_0291
292,0.3,0.1,0.0045,0.003,0.003,1000,1000,1000,2,3,0,image_0292
293,0.3,0.1,0.0045,0.0045,0.003,1000,1000,1000,2,3,14,image_0293
294,0.3,0.1,0.0045,0.0045,0.0045,1000,1000,1000,2,3,1,image_0294
295,0.3,0.1,0.0045,0.0045,0.003,1000,1000,1000,2,3,0,image_0295
296,0.3,0.1,0.006,0.003,0.003,1000,1000,1000,2,3,0,image_0296
297,0.3,0.1,0.006,0.003,0.0045,1000,1000,1000,2,3,0,image_0297
298,0.3,0.1,0.006,0.003,0.003,1000,1000,1000,2,3,0,image_0298
299,0.3,0.1,0.006,0.0045,0.003,1000,1000,1000,2,3,0,image_0299
300,0.3,0.1,0.006,0.0045,0.0045,1000,1000,1000,2,3,1,image_0300
301,0.3,0.1,0.006,0.0045,0.003,1000,1000,1000,2,3,0,image_0301
302,0.3,0.1,0.006,0.006,0.003,1000,1000,1000,2,3,5,image_0302
303,0.3,0.1,0.006,0.006,0.0045,1000,1000,1000,2,3,5,image_0303
304,0.3,0.1,0.006,0.006,0.003,1000,1000,1000,2,3,5,image_0304
305,0.3,0.1,0.009,0.003,0.003,1000,1000,1000,2,3,2,image_0305
309,0.3,0.1,0.009,0.0045,0.003,1000,1000,1000,2,3,0,image_0309
310,0.3,0.1,0.009,0.0045,0.0045,1000,1000,1000,2,3,2,image_0310
312,0.3,0.1,0.009,0.0045,0.009,1000,1000,1000,2,3,3,image_0312
316,0.3,0.1,0.009,0.006,0.009,1000,1000,1000,2,3,3,image_0316
322,0.3,0.15,0.003,0.003,0.003,1000,1000,1000,2,3,0,image_0322
323,0.3,0.15,0.0045,0.003,0.003,1000,1000,1000,2,3,0,image_0323
324,0.3,0.15,0.0045,0.003,0.0045,1000,1000,1000,2,3,3,image_0324
325,0.3,0.15,0.0045,0.003,0.003,1000,1000,1000,2,3,0,image_0325
326,0.3,0.15,0.0045,0.0045,0.003,1000,1000,1000,2,3,0,image_0326
327,0.3,0.15,0.0045,0.0045,0.0045,1000,1000,1000,2,3,3,image_0327
328,0.3,0.15,0.0045,0.0045,0.003,1000,1000,1000,2,3,0,image_0328
329,0.3,0.15,0.006,0.003,0.003,1000,1000,1000,2,3,2,image_0329
330,0.3,0.15,0.006,0.003,0.0045,1000,1000,1000,2,3,2,image_0330
332,0.3,0.15,0.006,0.0045,0.003,1000,1000,1000,2,3,7,image_0332
333,0.3,0.15,0.006,0.0045,0.0045,1000,1000,1000,2,3,3,image_0333
334,0.3,0.15,0.006,0.0045,0.003,1000,1000,1000,2,3,7,image_0334
335,0.3,0.15,0.006,0.006,0.003,1000,1000,1000,2,3,5,image_0335
336,0.3,0.15,0.006,0.006,0.0045,1000,1000,1000,2,4,3,image_0336
337,0.3,0.15,0.006,0.006,0.003,1000,1000,1000,2,4,5,image_0337
338,0.3,0.15,0.009,0.003,0.003,1000,1000,1000,2,4,4,image_0338
339,0.3,0.15,0.009,0.003,0.0045,1000,1000,1000,2,4,4,image_0339
340,0.3,0.15,0.009,0.003,0.003,1000,1000,1000,2,4,4,image_0340
342,0.3,0.15,0.009,0.0045,0.003,1000,1000,1000,2,4,2,image_0342
349,0.3,0.15,0.009,0.006,0.009,1000,1000,1000,2,4,3,image_0349
356,0.3,0.2,0.0045,0.003,0.003,1000,1000,1000,2,4,7,image_0356
357,0.3,0.2,0.0045,0.003,0.0045,1000,1000,1000,2,4,3,image_0357
358,0.3,0.2,0.0045,0.003,0.003,1000,1000,1000,2,4,7,image_0358
359,0.3,0.2,0.0045,0.0045,0.003,1000,1000,1000,3,4,3,image_0359
360,0.3,0.2,0.0045,0.0045,0.0045,1000,1000,1000,3,4,3,image_0360
361,0.3,0.2,0.0045,0.0045,0.003,1000,1000,1000,3,4,3,image_0361
362,0.3,0.2,0.006,0.003,0.003,1000,1000,1000,3,4,4,image_0362
363,0.3,0.2,0.006,0.003,0.0045,1000,1000,1000,3,4,2,image_0363
364,0.3,0.2,0.006,0.003,0.003,1000,1000,1000,3,4,4,image_0364
365,0.3,0.2,0.006,0.0045,0.003,1000,1000,1000,3,4,2,image_0365
366,0.3,0.2,0.006,0.0045,0.0045,1000,1000,1000,3,4,3,image_0366
367,0.3,0.2,0.006,0.0045,0.003,1000,1000,1000,3,4,2,image_0367
368,0.3,0.2,0.006,0.006,0.003,1000,1000,1000,3,4,7,image_0368
369,0.3,0.2,0.006,0.006,0.0045,1000,1000,1000,3,4,3,image_0369
370,0.3,0.2,0.006,0.006,0.003,1000,1000,1000,3,4,7,image_0370
371,0.3,0.2,0.009,0.003,0.003,1000,1000,1000,3,4,4,image_0371
372,0.3,0.2,0.009,0.003,0.0045,1000,1000,1000,3,4,4,image_0372
373,0.3,0.2,0.009,0.003,0.003,1000,1000,1000,3,4,4,image_0373
375,0.3,0.2,0.009,0.0045,0.003,1000,1000,1000,3,4,4,image_0375
376,0.3,0.2,0.009,0.0045,0.0045,1000,1000,1000,3,4,4,image_0376
377,0.3,0.2,0.009,0.0045,0.003,1000,1000,1000,3,4,4,image_0377
389,0.3,0.25,0.0045,0.003,0.003,1000,1000,1000,3,4,4,image_0389
390,0.3,0.25,0.0045,0.003,0.0045,1000,1000,1000,3,4,3,image_0390
391,0.3,0.25,0.0045,0.003,0.003,1000,1000,1000,3,4,2,image_0391
392,0.3,0.25,0.0045,0.0045,0.003,1000,1000,1000,3,4,3,image_0392
393,0.3,0.25,0.0045,0.0045,0.0045,1000,1000,1000,3,4,3,image_0393
394,0.3,0.25,0.0045,0.0045,0.003,1000,1000,1000,3,4,3,image_0394
395,0.3,0.25,0.006,0.003,0.003,1000,1000,1000,3,4,4,image_0395
396,0.3,0.25,0.006,0.003,0.0045,1000,1000,1000,3,5,2,image_0396
397,0.3,0.25,0.006,0.003,0.003,1000,1000,1000,3,5,4,image_0397
398,0.3,0.25,0.006,0.0045,0.003,1000,1000,1000,3,5,2,image_0398
399,0.3,0.25,0.006,0.0045,0.0045,1000,1000,1000,3,5,3,image_0399
400,0.3,0.25,0.006,0.0045,0.003,1000,1000,1000,3,5,2,image_0400
401,0.3,0.25,0.006,0.006,0.003,1000,1000,1000,3,5,7,image_0401
402,0.3,0.25,0.006,0.006,0.0045,1000,1000,1000,3,5,3,image_0402
403,0.3,0.25,0.006,0.006,0.003,1000,1000,1000,3,5,7,image_0403
404,0.3,0.25,0.009,0.003,0.003,1000,1000,1000,3,5,4,image_0404
405,0.3,0.25,0.009,0.003,0.0045,1000,1000,1000,3,5,4,image_0405
406,0.3,0.25,0.009,0.003,0.003,1000,1000,1000,3,5,4,image_0406
408,0.3,0.25,0.009,0.0045,0.003,1000,1000,1000,3,5,4,image_0408
409,0.3,0.25,0.009,0.0045,0.0045,1000,1000,1000,3,5,4,image_0409
410,0.3,0.25,0.009,0.0045,0.003,1000,1000,1000,3,5,4,image_0410
419,0.3,0.25,0.009,0.009,0.009,1000,1000,1000,3,5,12,image_0419
422,0.3,0.3,0.0045,0.003,0.003,1000,1000,1000,3,5,4,image_0422
423,0.3,0.3,0.0045,0.003,0.0045,1000,1000,1000,3,5,6,image_0423
424,0.3,0.3,0.0045,0.003,0.003,1000,1000,1000,3,5,4,image_0424
425,0.3,0.3,0.0045,0.0045,0.003,1000,1000,1000,3,5,6,image_0425
426,0.3,0.3,0.0045,0.0045,0.0045,1000,1000,1000,3,5,6,image_0426
427,0.3,0.3,0.0045,0.0045,0.003,1000,1000,1000,3,5,6,image_0427
428,0.3,0.3,0.006,0.003,0.003,1000,1000,1000,3,5,4,image_0428
429,0.3,0.3,0.006,0.003,0.0045,1000,1000,1000,3,5,6,image_0429
430,0.3,0.3,0.006,0.003,0.003,1000,1000,1000,3,5,4,image_0430
432,0.3,0.3,0.006,0.0045,0.0045,1000,1000,1000,3,5,6,image_0432
433,0.3,0.3,0.006,0.0045,0.003,1000,1000,1000,3,5,6,image_0433
434,0.3,0.3,0.006,0.006,0.003,1000,1000,1000,3,5,7,image_0434
435,0.3,0.3,0.006,0.006,0.0045,1000,1000,1000,3,5,6,image_0435
436,0.3,0.3,0.006,0.006,0.003,1000,1000,1000,3,6,7,image_0436
437,0.3,0.3,0.009,0.003,0.003,1000,1000,1000,3,6,4,image_0437
438,0.3,0.3,0.009,0.003,0.0045,1000,1000,1000,3,6,4,image_0438
439,0.3,0.3,0.009,0.003,0.003,1000,1000,1000,3,6,4,image_0439
441,0.3,0.3,0.009,0.0045,0.003,1000,1000,1000,3,6,4,image_0441
442,0.3,0.3,0.009,0.0045,0.0045,1000,1000,1000,3,6,4,image_0442
443,0.3,0.3,0.009,0.0045,0.003,1000,1000,1000,3,6,4,image_0443
453,0.35,0.1,0.003,0.003,0.003,1000,1000,1000,4,6,14,image_0453
454,0.35,0.1,0.003,0.003,0.003,1000,1000,1000,4,6,14,image_0454
455,0.35,0.1,0.0045,0.003,0.003,1000,1000,1000,4,6,14,image_0455
456,0.35,0.1,0.0045,0.003,0.0045,1000,1000,1000,4,6,14,image_0456
457,0.35,0.1,0.0045,0.003,0.003,1000,1000,1000,4,6,14,image_0457
458,0.35,0.1,0.0045,0.0045,0.003,1000,1000,1000,4,6,14,image_0458
459,0.35,0.1,0.0045,0.0045,0.0045,1000,1000,1000,4,6,1,image_0459
460,0.35,0.1,0.0045,0.0045,0.003,1000,1000,1000,4,6,14,image_0460
461,0.35,0.1,0.006,0.003,0.003,1000,1000,1000,4,6,14,image_0461
462,0.35,0.1,0.006,0.003,0.0045,1000,1000,1000,4,6,0,image_0462
463,0.35,0.1,0.006,0.003,0.003,1000,1000,1000,4,6,14,image_0463
464,0.35,0.1,0.006,0.0045,0.003,1000,1000,1000,4,6,14,image_0464
465,0.35,0.1,0.006,0.0045,0.0045,1000,1000,1000,4,6,1,image_0465
466,0.35,0.1,0.006,0.0045,0.003,1000,1000,1000,4,6,14,image_0466
467,0.35,0.1,0.006,0.006,0.003,1000,1000,1000,4,6,5,image_0467
468,0.35,0.1,0.006,0.006,0.0045,1000,1000,1000,4,6,5,image_0468
469,0.35,0.1,0.006,0.006,0.003,1000,1000,1000,4,6,5,image_0469
470,0.35,0.1,0.009,0.003,0.003,1000,1000,1000,4,6,2,image_0470
471,0.35,0.1,0.009,0.003,0.0045,1000,1000,1000,4,6,2,image_0471
472,0.35,0.1,0.009,0.003,0.003,1000,1000,1000,4,7,2,image_0472
474,0.35,0.1,0.009,0.0045,0.003,1000,1000,1000,4,7,2,image_0474
476,0.35,0.1,0.009,0.0045,0.003,1000,1000,1000,4,7,2,image_0476
477,0.35,0.1,0.009,0.0045,0.009,1000,1000,1000,4,7,3,image_0477
481,0.35,0.1,0.009,0.006,0.009,1000,1000,1000,4,7,3,image_0481
486,0.35,0.15,0.003,0.003,0.003,1000,1000,1000,4,7,14,image_0486
487,0.35,0.15,0.003,0.003,0.003,1000,1000,1000,4,7,14,image_0487
488,0.35,0.15,0.0045,0.003,0.003,1000,1000,1000,4,7,7,image_0488
489,0.35,0.15,0.0045,0.003,0.0045,1000,1000,1000,4,7,3,image_0489
490,0.35,0.15,0.0045,0.003,0.003,1000,1000,1000,4,7,7,image_0490
491,0.35,0.15,0.0045,0.0045,0.003,1000,1000,1000,4,7,14,image_0491
492,0.35,0.15,0.0045,0.0045,0.0045,1000,1000,1000,4,7,3,image_0492
493,0.35,0.15,0.0045,0.0045,0.003,1000,1000,1000,4,7,14,image_0493
494,0.35,0.15,0.006,0.003,0.003,1000,1000,1000,4,7,2,image_0494
495,0.35,0.15,0.006,0.003,0.0045,1000,1000,1000,4,7,2,image_0495
496,0.35,0.15,0.006,0.003,0.003,1000,1000,1000,4,7,2,image_0496
497,0.35,0.15,0.006,0.0045,0.003,1000,1000,1000,4,7,7,image_0497
498,0.35,0.15,0.006,0.0045,0.0045,1000,1000,1000,4,7,3,image_0498
499,0.35,0.15,0.006,0.0045,0.003,1000,1000,1000,4,7,7,image_0499
500,0.35,0.15,0.006,0.006,0.003,1000,1000,1000,4,7,5,image_0500
501,0.35,0.15,0.006,0.006,0.0045,1000,1000,1000,4,7,3,image_0501
502,0.35,0.15,0.006,0.006,0.003,1000,1000,1000,4,7,5,image_0502
503,0.35,0.15,0.009,0.003,0.003,1000,1000,1000,5,7,4,image_0503
504,0.35,0.15,0.009,0.003,0.0045,1000,1000,1000,5,7,4,image_0504
505,0.35,0.15,0.009,0.003,0.003,1000,1000,1000,5,7,4,image_0505
507,0.35,0.15,0.009,0.0045,0.003,1000,1000,1000,5,7,4,image_0507
508,0.35,0.15,0.009,0.0045,0.0045,1000,1000,1000,5,7,4,image_0508
509,0.35,0.15,0.009,0.0045,0.003,1000,1000,1000,5,8,4,image_0509
514,0.35,0.15,0.009,0.006,0.009,1000,1000,1000,5,8,3,image_0514
519,0.35,0.2,0.003,0.003,0.003,1000,1000,1000,5,8,13,image_0519
520,0.35,0.2,0.003,0.003,0.003,1000,1000,1000,5,8,13,image_0520
521,0.35,0.2,0.0045,0.003,0.003,1000,1000,1000,5,8,2,image_0521
522,0.35,0.2,0.0045,0.003,0.0045,1000,1000,1000,5,8,6,image_0522
523,0.35,0.2,0.0045,0.003,0.003,1000,1000,1000,5,8,2,image_0523
524,0.35,0.2,0.0045,0.0045,0.003,1000,1000,1000,5,8,3,image_0524
525,0.35,0.2,0.0045,0.0045,0.0045,1000,1000,1000,5,8,3,image_0525
526,0.35,0.2,0.0045,0.0045,0.003,1000,1000,1000,5,8,6,image_0526
527,0.35,0.2,0.006,0.003,0.003,1000,1000,1000,5,8,4,image_0527
528,0.35,0.2,0.006,0.003,0.0045,1000,1000,1000,5,8,4,image_0528
529,0.35,0.2,0.006,0.003,0.003,1000,1000,1000,5,8,4,image_0529
530,0.35,0.2,0.006,0.0045,0.003,1000,1000,1000,5,8,4,image_0530
532,0.35,0.2,0.006,0.0045,0.003,1000,1000,1000,5,8,4,image_0532
533,0.35,0.2,0.006,0.006,0.003,1000,1000,1000,5,8,7,image_0533
534,0.35,0.2,0.006,0.006,0.0045,1000,1000,1000,5,8,3,image_0534
535,0.35,0.2,0.006,0.006,0.003,1000,1000,1000,5,8,7,image_0535
536,0.35,0.2,0.009,0.003,0.003,1000,1000,1000,5,8,4,image_0536
537,0.35,0.2,0.009,0.003,0.0045,1000,1000,1000,5,8,4,image_0537
538,0.35,0.2,0.009,0.003,0.003,1000,1000,1000,5,8,4,image_0538
540,0.35,0.2,0.009,0.0045,0.003,1000,1000,1000,5,8,4,image_0540
541,0.35,0.2,0.009,0.0045,0.0045,1000,1000,1000,5,8,4,image_0541
542,0.35,0.2,0.009,0.0045,0.003,1000,1000,1000,5,8,4,image_0542
551,0.35,0.2,0.009,0.009,0.009,1000,1000,1000,5,8,5,image_0551
554,0.35,0.25,0.0045,0.003,0.003,1000,1000,1000,5,8,4,image_0554
555,0.35,0.25,0.0045,0.003,0.0045,1000,1000,1000,5,8,6,image_0555
556,0.35,0.25,0.0045,0.003,0.003,1000,1000,1000,5,9,4,image_0556
557,0.35,0.25,0.0045,0.0045,0.003,1000,1000,1000,5,9,6,image_0557
558,0.35,0.25,0.0045,0.0045,0.0045,1000,1000,1000,5,9,6,image_0558
559,0.35,0.25,0.0045,0.0045,0.003,1000,1000,1000,5,9,6,image_0559
560,0.35,0.25,0.006,0.003,0.003,1000,1000,1000,5,9,4,image_0560
561,0.35,0.25,0.006,0.003,0.0045,1000,1000,1000,5,9,6,image_0561
562,0.35,0.25,0.006,0.003,0.003,1000,1000,1000,5,9,4,image_0562
563,0.35,0.25,0.006,0.0045,0.003,1000,1000,1000,5,9,6,image_0563
564,0.35,0.25,0.006,0.0045,0.0045,1000,1000,1000,5,9,6,image_0564
565,0.35,0.25,0.006,0.0045,0.003,1000,1000,1000,5,9,6,image_0565
566,0.35,0.25,0.006,0.006,0.003,1000,1000,1000,5,9,7,image_0566
567,0.35,0.25,0.006,0.006,0.0045,1000,1000,1000,5,9,6,image_0567
568,0.35,0.25,0.006,0.006,0.003,1000,1000,1000,5,9,7,image_0568
569,0.35,0.25,0.009,0.003,0.003,1000,1000,1000,5,9,4,image_0569
570,0.35,0.25,0.009,0.003,0.0045,1000,1000,1000,5,9,4,image_0570
571,0.35,0.25,0.009,0.003,0.003,1000,1000,1000,5,9,4,image_0571
573,0.35,0.25,0.009,0.0045,0.003,1000,1000,1000,5,9,4,image_0573
574,0.35,0.25,0.009,0.0045,0.0045,1000,1000,1000,5,9,4,image_0574
575,0.35,0.25,0.009,0.0045,0.003,1000,1000,1000,5,9,4,image_0575
588,0.35,0.3,0.0045,0.003,0.0045,1000,1000,1000,5,9,6,image_0588
589,0.35,0.3,0.0045,0.003,0.003,1000,1000,1000,5,9,4,image_0589
590,0.35,0.3,0.0045,0.0045,0.003,1000,1000,1000,5,9,6,image_0590
591,0.35,0.3,0.0045,0.0045,0.0045,1000,1000,1000,5,9,6,image_0591
592,0.35,0.3,0.0045,0.0045,0.003,1000,1000,1000,5,9,6,image_0592
593,0.35,0.3,0.006,0.003,0.003,1000,1000,1000,5,9,4,image_0593
594,0.35,0.3,0.006,0.003,0.0045,1000,1000,1000,5,9,6,image_0594
595,0.35,0.3,0.006,0.003,0.003,1000,1000,1000,5,9,4,image_0595
596,0.35,0.3,0.006,0.0045,0.003,1000,1000,1000,5,9,6,image_0596
597,0.35,0.3,0.006,0.0045,0.0045,1000,1000,1000,5,10,6,image_0597
598,0.35,0.3,0.006,0.0045,0.003,1000,1000,1000,5,10,6,image_0598
599,0.35,0.3,0.006,0.006,0.003,1000,1000,1000,5,10,7,image_0599
600,0.35,0.3,0.006,0.006,0.0045,1000,1000,1000,5,10,6,image_0600
602,0.35,0.3,0.009,0.003,0.003,1000,1000,1000,6,10,4,image_0602
603,0.35,0.3,0.009,0.003,0.0045,1000,1000,1000,6,10,4,image_0603
604,0.35,0.3,0.009,0.003,0.003,1000,1000,1000,6,10,4,image_0604
606,0.35,0.3,0.009,0.0045,0.003,1000,1000,1000,6,10,4,image_0606
607,0.35,0.3,0.009,0.0045,0.0045,1000,1000,1000,6,10,4,image_0607
608,0.35,0.3,0.009,0.0045,0.003,1000,1000,1000,6,10,4,image_0608
611,0.35,0.3,0.009,0.006,0.0045,1000,1000,1000,6,10,4,image_0611
620,0.35,0.35,0.0045,0.003,0.003,1000,1000,1000,6,10,4,image_0620
621,0.35,0.35,0.0045,0.003,0.0045,1000,1000,1000,6,10,6,image_0621
623,0.35,0.35,0.0045,0.0045,0.003,1000,1000,1000,6,10,6,image_0623
624,0.35,0.35,0.0045,0.0045,0.0045,1000,1000,1000,6,10,6,image_0624
625,0.35,0.35,0.0045,0.0045,0.003,1000,1000,1000,6,10,6,image_0625
626,0.35,0.35,0.006,0.003,0.003,1000,1000,1000,6,10,4,image_0626
627,0.35,0.35,0.006,0.003,0.0045,1000,1000,1000,6,10,6,image_0627
628,0.35,0.35,0.006,0.003,0.003,1000,1000,1000,6,10,4,image_0628
630,0.35,0.35,0.006,0.0045,0.0045,1000,1000,1000,6,10,6,image_0630
631,0.35,0.35,0.006,0.0045,0.003,1000,1000,1000,6,10,6,image_0631
632,0.35,0.35,0.006,0.006,0.003,1000,1000,1000,6,10,7,image_0632
633,0.35,0.35,0.006,0.006,0.0045,1000,1000,1000,6,10,6,image_0633
634,0.35,0.35,0.006,0.006,0.003,1000,1000,1000,6,10,7,image_0634
635,0.35,0.35,0.009,0.003,0.003,1000,1000,1000,6,10,4,image_0635
636,0.35,0.35,0.009,0.003,0.0045,1000,1000,1000,6,10,4,image_0636
637,0.35,0.35,0.009,0.003,0.003,1000,1000,1000,6,10,4,image_0637
640,0.35,0.35,0.009,0.0045,0.0045,1000,1000,1000,6,10,4,image_0640
641,0.35,0.35,0.009,0.0045,0.003,1000,1000,1000,6,10,4,image_0641
652,0.4,0.1,0.003,0.003,0.003,1000,1000,1000,7,11,14,image_0652
653,0.4,0.1,0.0045,0.003,0.003,1000,1000,1000,7,11,14,image_0653
654,0.4,0.1,0.0045,0.003,0.0045,1000,1000,1000,7,11,14,image_0654
655,0.4,0.1,0.0045,0.003,0.003,1000,1000,1000,7,11,14,image_0655
656,0.4,0.1,0.0045,0.0045,0.003,1000,1000,1000,7,11,14,image_0656
657,0.4,0.1,0.0045,0.0045,0.0045,1000,1000,1000,7,11,13,image_0657
658,0.4,0.1,0.0045,0.0045,0.003,1000,1000,1000,7,11,14,image_0658
659,0.4,0.1,0.006,0.003,0.003,1000,1000,1000,7,11,14,image_0659
660,0.4,0.1,0.006,0.003,0.0045,1000,1000,1000,7,11,14,image_0660
661,0.4,0.1,0.006,0.003,0.003,1000,1000,1000,7,11,14,image_0661
662,0.4,0.1,0.006,0.0045,0.003,1000,1000,1000,7,11,14,image_0662
663,0.4,0.1,0.006,0.0045,0.0045,1000,1000,1000,7,11,9,image_0663
664,0.4,0.1,0.006,0.0045,0.003,1000,1000,1000,7,11,14,image_0664
665,0.4,0.1,0.006,0.006,0.003,1000,1000,1000,7,11,5,image_0665
666,0.4,0.1,0.006,0.006,0.0045,1000,1000,1000,7,11,5,image_0666
667,0.4,0.1,0.006,0.006,0.003,1000,1000,1000,7,11,5,image_0667
668,0.4,0.1,0.009,0.003,0.003,1000,1000,1000,7,11,8,image_0668
669,0.4,0.1,0.009,0.003,0.0045,1000,1000,1000,7,11,8,image_0669
670,0.4,0.1,0.009,0.003,0.003,1000,1000,1000,7,11,8,image_0670
672,0.4,0.1,0.009,0.0045,0.003,1000,1000,1000,7,11,8,image_0672
674,0.4,0.1,0.009,0.0045,0.003,1000,1000,1000,7,11,8,image_0674
675,0.4,0.1,0.009,0.0045,0.009,1000,1000,1000,7,11,3,image_0675
676,0.4,0.1,0.009,0.006,0.003,1000,1000,1000,7,11,5,image_0676
677,0.4,0.1,0.009,0.006,0.0045,1000,1000,1000,7,11,5,image_0677
679,0.4,0.1,0.009,0.006,0.009,1000,1000,1000,7,11,13,image_0679
684,0.4,0.2,0.003,0.003,0.003,1000,1000,1000,7,11,13,image_0684
685,0.4,0.2,0.003,0.003,0.003,1000,1000,1000,7,11,13,image_0685
686,0.4,0.2,0.0045,0.003,0.003,1000,1000,1000,8,11,4,image_0686
687,0.4,0.2,0.0045,0.003,0.0045,1000,1000,1000,8,12,6,image_0687
688,0.4,0.2,0.0045,0.003,0.003,1000,1000,1000,8,12,6,image_0688
689,0.4,0.2,0.0045,0.0045,0.003,1000,1000,1000,8,12,3,image_0689
690,0.4,0.2,0.0045,0.0045,0.0045,1000,1000,1000,8,12,6,image_0690
691,0.4,0.2,0.0045,0.0045,0.003,1000,1000,1000,8,12,6,image_0691
692,0.4,0.2,0.006,0.003,0.003,1000,1000,1000,8,12,8,image_0692
693,0.4,0.2,0.006,0.003,0.0045,1000,1000,1000,8,12,6,image_0693
695,0.4,0.2,0.006,0.0045,0.003,1000,1000,1000,8,12,8,image_0695
696,0.4,0.2,0.006,0.0045,0.0045,1000,1000,1000,8,12,6,image_0696
697,0.4,0.2,0.006,0.0045,0.003,1000,1000,1000,8,12,6,image_0697
698,0.4,0.2,0.006,0.006,0.003,1000,1000,1000,8,12,6,image_0698
699,0.4,0.2,0.006,0.006,0.0045,1000,1000,1000,8,12,6,image_0699
700,0.4,0.2,0.006,0.006,0.003,1000,1000,1000,8,12,7,image_0700
701,0.4,0.2,0.009,0.003,0.003,1000,1000,1000,8,12,8,image_0701
705,0.4,0.2,0.009,0.0045,0.003,1000,1000,1000,8,12,4,image_0705
706,0.4,0.2,0.009,0.0045,0.0045,1000,1000,1000,9,12,8,image_0706
707,0.4,0.2,0.009,0.0045,0.003,1000,1000,1000,9,12,8,image_0707
709,0.4,0.2,0.009,0.006,0.003,1000,1000,1000,9,12,7,image_0709
710,0.4,0.2,0.009,0.006,0.0045,1000,1000,1000,9,12,7,image_0710
711,0.4,0.2,0.009,0.006,0.003,1000,1000,1000,9,12,7,image_0711
716,0.4,0.2,0.009,0.009,0.009,1000,1000,1000,9,12,13,image_0716
719,0.4,0.3,0.0045,0.003,0.003,1000,1000,1000,10,12,8,image_0719
720,0.4,0.3,0.0045,0.003,0.0045,1000,1000,1000,10,12,6,image_0720
721,0.4,0.3,0.0045,0.003,0.003,1000,1000,1000,10,12,6,image_0721
722,0.4,0.3,0.0045,0.0045,0.003,1000,1000,1000,10,12,6,image_0722
723,0.4,0.3,0.0045,0.0045,0.0045,1000,1000,1000,10,13,6,image_0723
724,0.4,0.3,0.0045,0.0045,0.003,1000,1000,1000,10,13,6,image_0724
725,0.4,0.3,0.006,0.003,0.003,1000,1000,1000,10,13,4,image_0725
726,0.4,0.3,0.006,0.003,0.0045,1000,1000,1000,10,13,6,image_0726
727,0.4,0.3,0.006,0.003,0.003,1000,1000,1000,10,13,4,image_0727
728,0.4,0.3,0.006,0.0045,0.003,1000,1000,1000,10,13,6,image_0728
729,0.4,0.3,0.006,0.0045,0.0045,1000,1000,1000,10,13,6,image_0729
730,0.4,0.3,0.006,0.0045,0.003,1000,1000,1000,10,13,6,image_0730
731,0.4,0.3,0.006,0.006,0.003,1000,1000,1000,10,13,7,image_0731
732,0.4,0.3,0.006,0.006,0.0045,1000,1000,1000,10,13,6,image_0732
733,0.4,0.3,0.006,0.006,0.003,1000,1000,1000,10,13,6,image_0733
734,0.4,0.3,0.009,0.003,0.003,1000,1000,1000,10,13,4,image_0734
735,0.4,0.3,0.009,0.003,0.0045,1000,1000,1000,10,13,4,image_0735
736,0.4,0.3,0.009,0.003,0.003,1000,1000,1000,10,13,4,image_0736
738,0.4,0.3,0.009,0.0045,0.003,1000,1000,1000,11,13,4,image_0738
739,0.4,0.3,0.009,0.0045,0.0045,1000,1000,1000,11,13,4,image_0739
740,0.4,0.3,0.009,0.0045,0.003,1000,1000,1000,11,13,4,image_0740
743,0.4,0.3,0.009,0.006,0.0045,1000,1000,1000,11,13,4,image_0743
752,0.4,0.4,0.0045,0.003,0.003,1000,1000,1000,12,13,9,image_0752
753,0.4,0.4,0.0045,0.003,0.0045,1000,1000,1000,12,13,6,image_0753
754,0.4,0.4,0.0045,0.003,0.003,1000,1000,1000,12,13,9,image_0754
755,0.4,0.4,0.0045,0.0045,0.003,1000,1000,1000,12,13,9,image_0755
756,0.4,0.4,0.0045,0.0045,0.0045,1000,1000,1000,12,13,9,image_0756
757,0.4,0.4,0.0045,0.0045,0.003,1000,1000,1000,12,13,9,image_0757
758,0.4,0.4,0.006,0.003,0.003,1000,1000,1000,12,14,9,image_0758
759,0.4,0.4,0.006,0.003,0.0045,1000,1000,1000,12,14,9,image_0759
760,0.4,0.4,0.006,0.003,0.003,1000,1000,1000,12,14,9,image_0760
761,0.4,0.4,0.006,0.0045,0.003,1000,1000,1000,12,14,9,image_0761
762,0.4,0.4,0.006,0.0045,0.0045,1000,1000,1000,12,14,6,image_0762
763,0.4,0.4,0.006,0.0045,0.003,1000,1000,1000,12,14,9,image_0763
764,0.4,0.4,0.006,0.006,0.003,1000,1000,1000,12,14,7,image_0764
765,0.4,0.4,0.006,0.006,0.0045,1000,1000,1000,12,14,6,image_0765
766,0.4,0.4,0.006,0.006,0.003,1000,1000,1000,12,14,7,image_0766
769,0.4,0.4,0.009,0.003,0.003,1000,1000,1000,13,14,13,image_0769
771,0.4,0.4,0.009,0.0045,0.003,1000,1000,1000,13,14,13,image_0771
783,0.45,0.45,0.003,0.003,0.003,1000,1000,1000,13,14,13,image_0783
784,0.45,0.45,0.003,0.003,0.003,1000,1000,1000,13,14,13,image_0784
785,0.45,0.45,0.0045,0.003,0.003,1000,1000,1000,13,14,13,image_0785
786,0.45,0.45,0.0045,0.003,0.0045,1000,1000,1000,13,14,13,image_0786
787,0.45,0.45,0.0045,0.003,0.003,1000,1000,1000,13,14,13,image_0787
788,0.45,0.45,0.0045,0.0045,0.003,1000,1000,1000,13,14,13,image_0788
789,0.45,0.45,0.0045,0.0045,0.0045,1000,1000,1000,13,14,9,image_0789
790,0.45,0.45,0.0045,0.0045,0.003,1000,1000,1000,13,14,13,image_0790
791,0.45,0.45,0.006,0.003,0.003,1000,1000,1000,13,14,13,image_0791
792,0.45,0.45,0.006,0.003,0.0045,1000,1000,1000,13,14,13,image_0792
793,0.45,0.45,0.006,0.003,0.003,1000,1000,1000,13,14,13,image_0793
794,0.45,0.45,0.006,0.0045,0.003,1000,1000,1000,13,14,13,image_0794
795,0.45,0.45,0.006,0.0045,0.0045,1000,1000,1000,13,14,13,image_0795
796,0.45,0.45,0.006,0.0045,0.003,1000,1000,1000,13,14,13,image_0796
797,0.45,0.45,0.006,0.006,0.003,1000,1000,1000,13,14,13,image_0797
798,0.45,0.45,0.006,0.006,0.0045,1000,1000,1000,13,14,13,image_0798
799,0.45,0.45,0.006,0.006,0.003,1000,1000,1000,13,14,13,image_0799
800,0.45,0.45,0.009,0.003,0.003,1000,1000,1000,13,14,13,image_0800
816,0.5,0.1,0.003,0.003,0.003,1000,1000,1000,14,15,13,image_0816
817,0.5,0.1,0.003,0.003,0.003,1000,1000,1000,14,15,13,image_0817
818,0.5,0.1,0.0045,0.003,0.003,1000,1000,1000,14,15,13,image_0818
819,0.5,0.1,0.0045,0.003,0.0045,1000,1000,1000,14,15,13,image_0819
820,0.5,0.1,0.0045,0.003,0.003,1000,1000,1000,14,15,13,image_0820
821,0.5,0.1,0.0045,0.0045,0.003,1000,1000,1000,14,15,13,image_0821
822,0.5,0.1,0.0045,0.0045,0.0045,1000,1000,1000,14,15,9,image_0822
823,0.5,0.1,0.0045,0.0045,0.003,1000,1000,1000,14,15,13,image_0823
824,0.5,0.1,0.006,0.003,0.003,1000,1000,1000,14,15,8,image_0824
825,0.5,0.1,0.006,0.003,0.0045,1000,1000,1000,14,15,8,image_0825
826,0.5,0.1,0.006,0.003,0.003,1000,1000,1000,14,15,8,image_0826
827,0.5,0.1,0.006,0.0045,0.003,1000,1000,1000,14,15,13,image_0827
828,0.5,0.1,0.006,0.0045,0.0045,1000,1000,1000,14,15,9,image_0828
829,0.5,0.1,0.006,0.0045,0.003,1000,1000,1000,14,15,13,image_0829
830,0.5,0.1,0.006,0.006,0.003,1000,1000,1000,14,15,13,image_0830
831,0.5,0.1,0.006,0.006,0.0045,1000,1000,1000,14,15,13,image_0831
832,0.5,0.1,0.006,0.006,0.003,1000,1000,1000,14,15,13,image_0832
833,0.5,0.1,0.009,0.003,0.003,1000,1000,1000,14,15,8,image_0833
834,0.5,0.1,0.009,0.003,0.0045,1000,1000,1000,14,15,8,image_0834
835,0.5,0.1,0.009,0.003,0.003,1000,1000,1000,14,15,8,image_0835
837,0.5,0.1,0.009,0.0045,0.003,1000,1000,1000,14,15,8,image_0837
838,0.5,0.1,0.009,0.0045,0.0045,1000,1000,1000,14,15,8,image_0838
839,0.5,0.1,0.009,0.0045,0.003,1000,1000,1000,14,15,8,image_0839
840,0.5,0.1,0.009,0.0045,0.009,1000,1000,1000,14,15,9,image_0840
841,0.5,0.1,0.009,0.006,0.003,1000,1000,1000,14,15,13,image_0841
842,0.5,0.1,0.009,0.006,0.0045,1000,1000,1000,14,15,13,image_0842
843,0.5,0.1,0.009,0.006,0.003,1000,1000,1000,14,15,13,image_0843
844,0.5,0.1,0.009,0.006,0.009,1000,1000,1000,14,15,13,image_0844
847,0.5,0.1,0.009,0.009,0.003,1000,1000,1000,14,15,13,image_0847
850,0.5,0.2,0.003,0.003,0.003,1000,1000,1000,14,15,0,image_0850
851,0.5,0.2,0.0045,0.003,0.003,1000,1000,1000,15,16,8,image_0851
852,0.5,0.2,0.0045,0.003,0.0045,1000,1000,1000,15,16,3,image_0852
853,0.5,0.2,0.0045,0.003,0.003,1000,1000,1000,15,16,8,image_0853
854,0.5,0.2,0.0045,0.0045,0.003,1000,1000,1000,15,16,3,image_0854
855,0.5,0.2,0.0045,0.0045,0.0045,1000,1000,1000,15,16,3,image_0855
856,0.5,0.2,0.0045,0.0045,0.003,1000,1000,1000,15,16,3,image_0856
857,0.5,0.2,0.006,0.003,0.003,1000,1000,1000,15,16,8,image_0857
858,0.5,0.2,0.006,0.003,0.0045,1000,1000,1000,15,16,8,image_0858
859,0.5,0.2,0.006,0.003,0.003,1000,1000,1000,15,16,8,image_0859
860,0.5,0.2,0.006,0.0045,0.003,1000,1000,1000,15,16,8,image_0860
861,0.5,0.2,0.006,0.0045,0.0045,1000,1000,1000,15,16,3,image_0861
862,0.5,0.2,0.006,0.0045,0.003,1000,1000,1000,15,16,8,image_0862
863,0.5,0.2,0.006,0.006,0.003,1000,1000,1000,15,16,3,image_0863
864,0.5,0.2,0.006,0.006,0.0045,1000,1000,1000,15,16,3,image_0864
865,0.5,0.2,0.006,0.006,0.003,1000,1000,1000,15,16,13,image_0865
866,0.5,0.2,0.009,0.003,0.003,1000,1000,1000,15,16,8,image_0866
867,0.5,0.2,0.009,0.003,0.0045,1000,1000,1000,15,16,10,image_0867
868,0.5,0.2,0.009,0.003,0.003,1000,1000,1000,15,16,8,image_0868
870,0.5,0.2,0.009,0.0045,0.003,1000,1000,1000,16,16,7,image_0870
872,0.5,0.2,0.009,0.0045,0.003,1000,1000,1000,16,16,10,image_0872
874,0.5,0.2,0.009,0.006,0.003,1000,1000,1000,16,16,7,image_0874
875,0.5,0.2,0.009,0.006,0.0045,1000,1000,1000,16,16,7,image_0875
876,0.5,0.2,0.009,0.006,0.003,1000,1000,1000,16,16,7,image_0876
884,0.5,0.3,0.0045,0.003,0.003,1000,1000,1000,17,16,9,image_0884
885,0.5,0.3,0.0045,0.003,0.0045,1000,1000,1000,17,16,3,image_0885
886,0.5,0.3,0.0045,0.003,0.003,1000,1000,1000,17,16,9,image_0886
887,0.5,0.3,0.0045,0.0045,0.003,1000,1000,1000,17,16,3,image_0887
888,0.5,0.3,0.0045,0.0045,0.0045,1000,1000,1000,17,16,3,image_0888
889,0.5,0.3,0.0045,0.0045,0.003,1000,1000,1000,17,17,3,image_0889
890,0.5,0.3,0.006,0.003,0.003,1000,1000,1000,17,17,9,image_0890
891,0.5,0.3,0.006,0.003,0.0045,1000,1000,1000,17,17,8,image_0891
892,0.5,0.3,0.006,0.003,0.003,1000,1000,1000,17,17,7,image_0892
893,0.5,0.3,0.006,0.0045,0.003,1000,1000,1000,17,17,8,image_0893
894,0.5,0.3,0.006,0.0045,0.0045,1000,1000,1000,17,17,3,image_0894
895,0.5,0.3,0.006,0.0045,0.003,1000,1000,1000,17,17,7,image_0895
896,0.5,0.3,0.006,0.006,0.003,1000,1000,1000,17,17,13,image_0896
897,0.5,0.3,0.006,0.006,0.0045,1000,1000,1000,17,17,3,image_0897
898,0.5,0.3,0.006,0.006,0.003,1000,1000,1000,18,17,13,image_0898
899,0.5,0.3,0.009,0.003,0.003,1000,1000,1000,18,17,5,image_0899
901,0.5,0.3,0.009,0.003,0.003,1000,1000,1000,18,17,5,image_0901
903,0.5,0.3,0.009,0.0045,0.003,1000,1000,1000,18,17,5,image_0903
915,0.5,0.4,0.003,0.003,0.003,1000,1000,1000,18,17,13,image_0915
916,0.5,0.4,0.003,0.003,0.003,1000,1000,1000,18,17,13,image_0916
917,0.5,0.4,0.0045,0.003,0.003,1000,1000,1000,18,17,13,image_0917
919,0.5,0.4,0.0045,0.003,0.003,1000,1000,1000,18,17,13,image_0919
920,0.5,0.4,0.0045,0.0045,0.003,1000,1000,1000,18,17,13,image_0920
921,0.5,0.4,0.0045,0.0045,0.0045,1000,1000,1000,18,17,9,image_0921
922,0.5,0.4,0.0045,0.0045,0.003,1000,1000,1000,18,17,13,image_0922
923,0.5,0.4,0.006,0.003,0.003,1000,1000,1000,18,17,13,image_0923
924,0.5,0.4,0.006,0.003,0.0045,1000,1000,1000,18,17,13,image_0924
925,0.5,0.4,0.006,0.003,0.003,1000,1000,1000,18,17,13,image_0925
926,0.5,0.4,0.006,0.0045,0.003,1000,1000,1000,18,17,13,image_0926
927,0.5,0.4,0.006,0.0045,0.0045,1000,1000,1000,18,17,9,image_0927
928,0.5,0.4,0.006,0.0045,0.003,1000,1000,1000,18,17,13,image_0928
929,0.5,0.4,0.006,0.006,0.003,1000,1000,1000,18,17,13,image_0929
930,0.5,0.4,0.006,0.006,0.0045,1000,1000,1000,18,17,9,image_0930
931,0.5,0.4,0.006,0.006,0.003,1000,1000,1000,18,17,13,image_0931
948,0.6,0.1,0.003,0.003,0.003,1000,1000,1000,19,18,0,image_0948
949,0.6,0.1,0.003,0.003,0.003,1000,1000,1000,19,18,0,image_0949
950,0.6,0.1,0.0045,0.003,0.003,1000,1000,1000,19,18,14,image_0950
951,0.6,0.1,0.0045,0.003,0.0045,1000,1000,1000,19,18,14,image_0951
952,0.6,0.1,0.0045,0.003,0.003,1000,1000,1000,19,18,14,image_0952
953,0.6,0.1,0.0045,0.0045,0.003,1000,1000,1000,19,18,14,image_0953
954,0.6,0.1,0.0045,0.0045,0.0045,1000,1000,1000,19,18,14,image_0954
955,0.6,0.1,0.0045,0.0045,0.003,1000,1000,1000,19,18,14,image_0955
956,0.6,0.1,0.006,0.003,0.003,1000,1000,1000,19,18,10,image_0956
957,0.6,0.1,0.006,0.003,0.0045,1000,1000,1000,19,18,3,image_0957
961,0.6,0.1,0.006,0.0045,0.003,1000,1000,1000,19,18,14,image_0961
962,0.6,0.1,0.006,0.006,0.003,1000,1000,1000,19,18,5,image_0962
963,0.6,0.1,0.006,0.006,0.0045,1000,1000,1000,19,18,5,image_0963
964,0.6,0.1,0.006,0.006,0.003,1000,1000,1000,19,18,5,image_0964
965,0.6,0.1,0.009,0.003,0.003,1000,1000,1000,19,18,10,image_0965
966,0.6,0.1,0.009,0.003,0.0045,1000,1000,1000,19,18,10,image_0966
967,0.6,0.1,0.009,0.003,0.003,1000,1000,1000,19,18,10,image_0967
969,0.6,0.1,0.009,0.0045,0.003,1000,1000,1000,19,18,10,image_0969
971,0.6,0.1,0.009,0.0045,0.003,1000,1000,1000,19,18,10,image_0971
972,0.6,0.1,0.009,0.0045,0.009,1000,1000,1000,19,18,5,image_0972
973,0.6,0.1,0.009,0.006,0.003,1000,1000,1000,19,18,5,image_0973
974,0.6,0.1,0.009,0.006,0.0045,1000,1000,1000,19,18,5,image_0974
975,0.6,0.1,0.009,0.006,0.003,1000,1000,1000,19,18,5,image_0975
976,0.6,0.1,0.009,0.006,0.009,1000,1000,1000,19,18,3,image_0976
983,0.6,0.2,0.0045,0.003,0.003,1000,1000,1000,20,18,10,image_0983
984,0.6,0.2,0.0045,0.003,0.0045,1000,1000,1000,20,18,1,image_0984
985,0.6,0.2,0.0045,0.003,0.003,1000,1000,1000,20,18,10,image_0985
986,0.6,0.2,0.0045,0.0045,0.003,1000,1000,1000,20,18,3,image_0986
987,0.6,0.2,0.0045,0.0045,0.0045,1000,1000,1000,20,18,3,image_0987
988,0.6,0.2,0.0045,0.0045,0.003,1000,1000,1000,20,18,3,image_0988
989,0.6,0.2,0.006,0.003,0.003,1000,1000,1000,20,18,10,image_0989
990,0.6,0.2,0.006,0.003,0.0045,1000,1000,1000,20,19,10,image_0990
991,0.6,0.2,0.006,0.003,0.003,1000,1000,1000,20,19,10,image_0991
992,0.6,0.2,0.006,0.0045,0.003,1000,1000,1000,20,19,10,image_0992
994,0.6,0.2,0.006,0.0045,0.003,1000,1000,1000,20,19,10,image_0994
995,0.6,0.2,0.006,0.006,0.003,1000,1000,1000,20,19,12,image_0995
998,0.6,0.2,0.009,0.003,0.003,1000,1000,1000,20,19,5,image_0998
1002,0.6,0.2,0.009,0.0045,0.003,1000,1000,1000,20,19,5,image_1002
1003,0.6,0.2,0.009,0.0045,0.0045,1000,1000,1000,20,19,5,image_1003
1004,0.6,0.2,0.009,0.0045,0.003,1000,1000,1000,20,19,5,image_1004
1013,0.6,0.2,0.009,0.009,0.009,1000,1000,1000,20,19,12,image_1013
1014,0.6,0.3,0.003,0.003,0.003,1000,1000,1000,21,19,0,image_1014
1015,0.6,0.3,0.003,0.003,0.003,1000,1000,1000,21,19,0,image_1015
1016,0.6,0.3,0.0045,0.003,0.003,1000,1000,1000,21,19,14,image_1016
1017,0.6,0.3,0.0045,0.003,0.0045,1000,1000,1000,21,19,14,image_1017
1018,0.6,0.3,0.0045,0.003,0.003,1000,1000,1000,21,19,14,image_1018
1019,0.6,0.3,0.0045,0.0045,0.003,1000,1000,1000,21,19,14,image_1019
1020,0.6,0.3,0.0045,0.0045,0.0045,1000,1000,1000,21,19,1,image_1020
1021,0.6,0.3,0.0045,0.0045,0.003,1000,1000,1000,21,19,14,image_1021
1022,0.6,0.3,0.006,0.003,0.003,1000,1000,1000,21,19,14,image_1022
1023,0.6,0.3,0.006,0.003,0.0045,1000,1000,1000,21,19,14,image_1023
1024,0.6,0.3,0.006,0.003,0.003,1000,1000,1000,21,19,14,image_1024
1025,0.6,0.3,0.006,0.0045,0.003,1000,1000,1000,21,19,14,image_1025
1026,0.6,0.3,0.006,0.0045,0.0045,1000,1000,1000,21,19,5,image_1026
1027,0.6,0.3,0.006,0.0045,0.003,1000,1000,1000,21,19,5,image_1027
1028,0.6,0.3,0.006,0.006,0.003,1000,1000,1000,21,19,5,image_1028
1029,0.6,0.3,0.006,0.006,0.0045,1000,1000,1000,21,19,1,image_1029
1030,0.6,0.3,0.006,0.006,0.003,1000,1000,1000,21,19,5,image_1030
1040,0.6,0.3,0.009,0.006,0.0045,1000,1000,1000,21,19,5,image_1040
1049,0.7,0.1,0.0045,0.003,0.003,1000,1000,1000,22,19,12,image_1049
1051,0.7,0.1,0.0045,0.003,0.003,1000,1000,1000,22,19,12,image_1051
1052,0.7,0.1,0.0045,0.0045,0.003,1000,1000,1000,22,19,0,image_1052
1053,0.7,0.1,0.0045,0.0045,0.0045,1000,1000,1000,22,20,1,image_1053
1054,0.7,0.1,0.0045,0.0045,0.003,1000,1000,1000,22,20,0,image_1054
1055,0.7,0.1,0.006,0.003,0.003,1000,1000,1000,22,20,12,image_1055
1056,0.7,0.1,0.006,0.003,0.0045,1000,1000,1000,22,20,12,image_1056
1057,0.7,0.1,0.006,0.003,0.003,1000,1000,1000,22,20,12,image_1057
1058,0.7,0.1,0.006,0.0045,0.003,1000,1000,1000,22,20,12,image_1058
1059,0.7,0.1,0.006,0.0045,0.0045,1000,1000,1000,22,20,11,image_1059
1061,0.7,0.1,0.006,0.006,0.003,1000,1000,1000,22,20,5,image_1061
1064,0.7,0.1,0.009,0.003,0.003,1000,1000,1000,22,20,12,image_1064
1065,0.7,0.1,0.009,0.003,0.0045,1000,1000,1000,22,20,12,image_1065
1066,0.7,0.1,0.009,0.003,0.003,1000,1000,1000,22,20,12,image_1066
1068,0.7,0.1,0.009,0.0045,0.003,1000,1000,1000,22,20,12,image_1068
1069,0.7,0.1,0.009,0.0045,0.0045,1000,1000,1000,22,20,12,image_1069
1070,0.7,0.1,0.009,0.0045,0.003,1000,1000,1000,22,20,12,image_1070
1082,0.7,0.2,0.0045,0.003,0.003,1000,1000,1000,23,20,0,image_1082
1083,0.7,0.2,0.0045,0.003,0.0045,1000,1000,1000,23,20,0,image_1083
1084,0.7,0.2,0.0045,0.003,0.003,1000,1000,1000,23,20,0,image_1084
1085,0.7,0.2,0.0045,0.0045,0.003,1000,1000,1000,23,20,0,image_1085
1086,0.7,0.2,0.0045,0.0045,0.0045,1000,1000,1000,23,20,0,image_1086
1087,0.7,0.2,0.0045,0.0045,0.003,1000,1000,1000,23,20,0,image_1087
1088,0.7,0.2,0.006,0.003,0.003,1000,1000,1000,23,20,0,image_1088
1091,0.7,0.2,0.006,0.0045,0.003,1000,1000,1000,23,20,0,image_1091
1092,0.7,0.2,0.006,0.0045,0.0045,1000,1000,1000,23,20,0,image_1092
1093,0.7,0.2,0.006,0.0045,0.003,1000,1000,1000,23,20,0,image_1093
1095,0.7,0.2,0.006,0.006,0.0045,1000,1000,1000,23,20,1,image_1095
1096,0.7,0.2,0.006,0.006,0.003,1000,1000,1000,23,20,5,image_1096
1113,0.8,0.1,0.0045,0.0045,0.003,1000,1000,1000,23,20,12,image_1113
1115,0.8,0.1,0.0045,0.0045,0.003,1000,1000,1000,23,20,12,image_1115
1116,0.8,0.1,0.006,0.003,0.003,1000,1000,1000,23,20,0,image_1116
1117,0.8,0.1,0.006,0.003,0.0045,1000,1000,1000,23,20,0,image_1117
1118,0.8,0.1,0.006,0.003,0.003,1000,1000,1000,23,20,10,image_1118
1119,0.8,0.1,0.006,0.0045,0.003,1000,1000,1000,23,20,10,image_1119
1121,0.8,0.1,0.006,0.0045,0.003,1000,1000,1000,23,20,10,image_1121
1122,0.8,0.1,0.006,0.006,0.003,1000,1000,1000,23,20,12,image_1122
1123,0.8,0.1,0.006,0.006,0.0045,1000,1000,1000,23,20,11,image_1123
1124,0.8,0.1,0.006,0.006,0.003,1000,1000,1000,23,20,12,image_1124
